Date,Job,Company Name,Company Location,Posted Date
4/4/2022,"Analyst I, Data Science",Liberty Mutual Insurance,"Seattle, WA 98101 ( Downtown area )",Posted 25 days ago
4/4/2022,new Data Analyst (Part-Time) - Entry level (Jr/Sr final year Col...,"NBTY, Inc.","Redmond, WA 98052 ( SE Redmond area )",Employer Active 2 days ago
4/4/2022,Junior Data Analyst-Entry level,PCS GLOBAL TECH,"Seattle, WA",Employer Active 3 days ago
4/4/2022,Healthcare Entry-Level Data Analyst,Milliman,"Seattle, WA 98101 ( Downtown area )",Posted 30+ days ago
4/4/2022,new ASSOCIATE ANALYST/ENGINEER,"GDS Associates, Inc.","Hybrid remote in Seattle, WA",Posted 5 days ago
4/4/2022,Service Desk Analyst,Eteam Infoservices Private Limited,"Kent, WA",Employer Active 11 days ago
4/4/2022,"Business Data Analyst - Auburn, WA",Miracorp Inc,"Auburn, WA 98001",Posted 30+ days ago
4/4/2022,Lead Business System Analyst- Customer Data Platform,Merkle,"Seattle, WA",Posted 30+ days ago
4/4/2022,Software Data Analyst â€“ Full-Time,TXT e-solutions SPA,"Seattle, WA",Posted 30+ days ago
4/4/2022,Entry Level Business Analyst,Logical Paradigm LLC,United States,Employer Active 1 day ago
4/4/2022,Entry level BA,Logical Paradigm LLC,United States,Hiring ongoing
4/4/2022,new Junior Business Analyst(B.A.),Logical Paradigm LLC,United States,Hiring ongoing
